"Tren","Volume penelusuran","Dimulai","Berakhir","Perincian tren","Jelajahi link"
"australia vs turki","100 rb+","14 Juni 2026 pukul 07.10.00 UTC+7",,"australia vs turki,turki vs australia,australia,australia vs,turki vs,turki,orkun kökçü,tim nasional sepak bola turki,tempat menonton tim nasional sepak bola australia vs tim nasional sepak bola turki","./explore?q=australia%20vs%20turki&geo=ID"
"maroko vs brazil","200 rb+","14 Juni 2026 pukul 03.10.00 UTC+7",,"maroko vs brazil,ayyoub bouaddi,ismael saibari,tempat menonton timnas brasil vs tim nasional sepak bola maroko,brazil vs,skor brasil vs maroko 2026,hasil brazil vs maroko,brazil vs maroco,brasil vs maroko 2026,skor piala dunia 2026,brazil maroko,skor brasil vs maroko,maroko,tim nasional sepak bola maroko,skor brazil vs maroko,yassine bounou,skor brazil,olahraga,hasil pertandingan piala dunia 2026,tim nasional sepak bola brasil,live brazil vs maroko,alisson becker,brazil vs maroko 2026,maroko vs brasil,brasil vs,susunan pemain timnas brasil vs tim nasional sepak bola maroko,timnas brasil,hasil piala dunia 2026 hari ini,live brazil vs maroko 2026,brasil vs maroko live,gabriel magalhaes,brasil maroko,live bola,brazil vs morocco world cup 2026,bola,statistik timnas brasil vs tim nasional sepak bola maroko,klasemen timnas brasil vs tim nasional sepak bola maroko,skor piala dunia,brasil vs maroko piala dunia 2026,maroko vs,live streaming,hasil pertandingan piala dunia,live streaming bola,live streaming brasil vs maroko,brazil vs maroko live,hasil piala dunia hari ini,live brasil vs maroko,linimasa timnas brasil vs tim nasional sepak bola maroko,skor maroko vs brazil,timnas brazil,line up brazil,brasil vs maroco,jadwal brasil vs maroko,hasil brazil,carlo ancelotti,jadwal bola hari ini,hasil brasil vs maroko,live streaming brazil vs maroko,timnas brasil vs tim nasional sepak bola maroko,live maroko vs brazil,jadwal piala dunia malam ini,brasil vs maroko piala dunia 2022,brazil hari ini,brazil lawan maroko,gabriel magalhães,brazil versus maroko,vinicius,prediksi brazil vs maroko","./explore?q=maroko%20vs%20brazil&geo=ID"
"belanda vs jepang","20 rb+","14 Juni 2026 pukul 03.50.00 UTC+7",,"belanda vs jepang,jepang vs belanda,grup piala dunia 2026,live,bola hari ini,jadwal pertandingan piala dunia 2026","./explore?q=belanda%20vs%20jepang&geo=ID"
"aplikasi cek bansos","10 rb+","14 Juni 2026 pukul 15.30.00 UTC+7",,"aplikasi cek bansos","./explore?q=aplikasi%20cek%20bansos&geo=ID"
"hajime moriyasu","10 rb+","14 Juni 2026 pukul 07.50.00 UTC+7",,"hajime moriyasu","./explore?q=hajime%20moriyasu&geo=ID"
"haiti vs skotlandia","50 rb+","14 Juni 2026 pukul 07.00.00 UTC+7",,"haiti vs skotlandia,haiti,skotlandia vs haiti,john mcginn,klasemen tim nasional sepak bola haiti vs tim nasional sepak bola skotlandia,wilson isidor,scott mctominay,skotlandia vs,haiti vs,skotlandia,lewis ferguson,tim nasional sepak bola skotlandia","./explore?q=haiti%20vs%20skotlandia&geo=ID"
"australia vs turkey","20 rb+","14 Juni 2026 pukul 10.30.00 UTC+7",,"australia vs turkey,nestory irankunda,patrick beach,turkey vs australia,connor metcalfe,jackson irvine,turkey vs,aiden o'neill,jacob italiano,merih demiral,turkey,irankunda,cameron burgess,fifa+,livescore piala dunia 2026","./explore?q=australia%20vs%20turkey&geo=ID"
"haiti vs scotland","20 rb+","14 Juni 2026 pukul 07.10.00 UTC+7",,"haiti vs scotland,scotland vs haiti,angus gunn,scotland,lawrence shankland,scotland vs,scotland fc,johny placide,hannes delcroix,grant hanley","./explore?q=haiti%20vs%20scotland&geo=ID"
"tvri hd sport","20 rb+","14 Juni 2026 pukul 02.10.00 UTC+7",,"tvri hd sport,nonton piala dunia 2026,tvri piala dunia,siaran langsung piala dunia 2026 di tv mana,streaming piala dunia 2026,tvri live,tvri sport live,tvri live streaming,link piala dunia 2026,fola play,live streaming piala dunia,nonton piala dunia 2026 dimana,nonton piala dunia,live tvri,live streaming tvri,piala dunia live,cara nonton piala dunia 2026,live piala dunia 2026 hari ini,tv,piala dunia 2026 disiarkan di tv mana,tvri sport piala dunia 2026,live bola piala dunia 2026,piala dunia disiarkan di tv apa,streaming tvri,link nonton piala dunia 2026 gratis,live tvri piala dunia 2026,tvri sport hd,cara nonton piala dunia 2026 di tvri,nonton bola,tvri streaming,live streaming piala dunia 2026 tvri,tvri.go.id,live pildun,tvri nasional,tvri hd sport piala dunia 2026,live streaming tvri piala dunia,siaran langsung piala dunia 2026,live streaming tvri sport","./explore?q=tvri%20hd%20sport&geo=ID"
"tiyo ardianto","5 rb+","14 Juni 2026 pukul 11.20.00 UTC+7",,"tiyo ardianto","./explore?q=tiyo%20ardianto&geo=ID"
"1 muharram 2026 jatuh pada tanggal","5 rb+","14 Juni 2026 pukul 17.20.00 UTC+7",,"1 muharram 2026 jatuh pada tanggal,malam 1 suro 2026 jatuh pada tanggal,tahun baru islam 2026,poster 1 muharram 2026","./explore?q=1%20muharram%202026%20jatuh%20pada%20tanggal&geo=ID"
"jerman vs curaçao","10 rb+","14 Juni 2026 pukul 07.10.00 UTC+7",,"jerman vs curaçao,live streaming piala dunia 2026,live piala dunia,jerman vs","./explore?q=jerman%20vs%20cura%C3%A7ao&geo=ID"
"jalen brunson","5 rb+","14 Juni 2026 pukul 10.10.00 UTC+7",,"jalen brunson","./explore?q=jalen%20brunson&geo=ID"
"curacao","2 rb+","14 Juni 2026 pukul 13.10.00 UTC+7",,"curacao","./explore?q=curacao&geo=ID"
"brazil","50 rb+","14 Juni 2026 pukul 02.40.00 UTC+7","14 Juni 2026 pukul 14.20.00 UTC+7","brazil,brazil fc,casemiro,fabinho,morocco vs brazil,brazil vs morocco live,brazil morocco,1,saibari,score brazil vs maroko,hakim ziyech,brazil vs marocco,where to watch brazil national football team vs morocco national football team,live score brazil vs maroko,alex sandro,brazil maroco,tv online,brazil national football team,live brazil vs morocco,brazil vs moroco,morocco national football team","./explore?q=brazil&geo=ID"
"spurs vs knicks","20 rb+","14 Juni 2026 pukul 07.20.00 UTC+7","14 Juni 2026 pukul 12.30.00 UTC+7","spurs vs knicks,nba,knicks,nba finals,knicks vs spurs,live sport,spurs,new york knicks,san antonio spurs,score live","./explore?q=spurs%20vs%20knicks&geo=ID"
"kartu tanda penduduk","2 rb+","14 Juni 2026 pukul 08.50.00 UTC+7","14 Juni 2026 pukul 19.20.00 UTC+7","kartu tanda penduduk","./explore?q=kartu%20tanda%20penduduk&geo=ID"
"swiss vs qatar","20 rb+","14 Juni 2026 pukul 00.30.00 UTC+7","14 Juni 2026 pukul 10.40.00 UTC+7","swiss vs qatar,qatar vs swis,qatar vs,qatar,swis vs qatar,manuel akanji,tim nasional sepak bola swiss,swis,skor qatar vs swiss,hasil qatar vs swiss,mahmud abunada,swis vs,skor swis vs qatar","./explore?q=swiss%20vs%20qatar&geo=ID"
"qatar vs switzerland","20 rb+","14 Juni 2026 pukul 01.20.00 UTC+7","14 Juni 2026 pukul 13.50.00 UTC+7","qatar vs switzerland,swiss vs,breel embolo,akram afif,qatar fc,boualem khoukhi,noah okafor,switzerland vs qatar,michel aebischer,qatar vs swiss live","./explore?q=qatar%20vs%20switzerland&geo=ID"
"veda ega pratama","2 rb+","14 Juni 2026 pukul 16.00.00 UTC+7","14 Juni 2026 pukul 19.10.00 UTC+7","veda ega pratama","./explore?q=veda%20ega%20pratama&geo=ID"
"komponen cadangan tentara nasional indonesia","2 rb+","14 Juni 2026 pukul 14.30.00 UTC+7","14 Juni 2026 pukul 19.30.00 UTC+7","komponen cadangan tentara nasional indonesia","./explore?q=komponen%20cadangan%20tentara%20nasional%20indonesia&geo=ID"
"igor thiago","10 rb+","14 Juni 2026 pukul 04.10.00 UTC+7","14 Juni 2026 pukul 12.20.00 UTC+7","igor thiago","./explore?q=igor%20thiago&geo=ID"
"mohamed touré","5 rb+","14 Juni 2026 pukul 10.20.00 UTC+7","14 Juni 2026 pukul 16.50.00 UTC+7","mohamed touré","./explore?q=mohamed%20tour%C3%A9&geo=ID"
"australia terbuka 2026","1 rb+","14 Juni 2026 pukul 17.40.00 UTC+7","14 Juni 2026 pukul 19.40.00 UTC+7","australia terbuka 2026","./explore?q=australia%20terbuka%202026&geo=ID"
"douglas santos","10 rb+","14 Juni 2026 pukul 04.10.00 UTC+7","14 Juni 2026 pukul 12.00.00 UTC+7","douglas santos,brasil,brazil vs marrocos","./explore?q=douglas%20santos&geo=ID"
"australia vs türkiye","5 rb+","14 Juni 2026 pukul 10.20.00 UTC+7","14 Juni 2026 pukul 15.10.00 UTC+7","australia vs türkiye,ismail yüksek","./explore?q=australia%20vs%20t%C3%BCrkiye&geo=ID"
"livescore","10 rb+","14 Juni 2026 pukul 05.50.00 UTC+7","14 Juni 2026 pukul 08.20.00 UTC+7","livescore,jerman","./explore?q=livescore&geo=ID"
"harry souttar","2 rb+","14 Juni 2026 pukul 10.30.00 UTC+7","14 Juni 2026 pukul 14.40.00 UTC+7","harry souttar","./explore?q=harry%20souttar&geo=ID"
"arda güler","2 rb+","14 Juni 2026 pukul 10.20.00 UTC+7","14 Juni 2026 pukul 14.20.00 UTC+7","arda güler","./explore?q=arda%20g%C3%BCler&geo=ID"
"brahim díaz","2 rb+","14 Juni 2026 pukul 04.20.00 UTC+7","14 Juni 2026 pukul 11.10.00 UTC+7","brahim díaz","./explore?q=brahim%20d%C3%ADaz&geo=ID"
"barış alper yılmaz","2 rb+","14 Juni 2026 pukul 10.20.00 UTC+7","14 Juni 2026 pukul 14.10.00 UTC+7","barış alper yılmaz","./explore?q=bar%C4%B1%C5%9F%20alper%20y%C4%B1lmaz&geo=ID"
"ruben amorim","2 rb+","14 Juni 2026 pukul 05.50.00 UTC+7","14 Juni 2026 pukul 19.40.00 UTC+7","ruben amorim","./explore?q=ruben%20amorim&geo=ID"
"tim nasional sepak bola argentina","2 rb+","14 Juni 2026 pukul 08.00.00 UTC+7","14 Juni 2026 pukul 17.10.00 UTC+7","tim nasional sepak bola argentina","./explore?q=tim%20nasional%20sepak%20bola%20argentina&geo=ID"
"ufc","2 rb+","14 Juni 2026 pukul 06.10.00 UTC+7","14 Juni 2026 pukul 12.20.00 UTC+7","ufc","./explore?q=ufc&geo=ID"
"pbx finder","2 rb+","14 Juni 2026 pukul 04.40.00 UTC+7","14 Juni 2026 pukul 12.00.00 UTC+7","pbx finder","./explore?q=pbx%20finder&geo=ID"
"kenan yıldız","2 rb+","14 Juni 2026 pukul 10.40.00 UTC+7","14 Juni 2026 pukul 14.00.00 UTC+7","kenan yıldız","./explore?q=kenan%20y%C4%B1ld%C4%B1z&geo=ID"
"uğurcan çakır","2 rb+","14 Juni 2026 pukul 10.40.00 UTC+7","14 Juni 2026 pukul 14.00.00 UTC+7","uğurcan çakır","./explore?q=u%C4%9Furcan%20%C3%A7ak%C4%B1r&geo=ID"
"lucas paquetá","2 rb+","14 Juni 2026 pukul 04.30.00 UTC+7","14 Juni 2026 pukul 09.10.00 UTC+7","lucas paquetá","./explore?q=lucas%20paquet%C3%A1&geo=ID"
"hakan çalhanoğlu","1 rb+","14 Juni 2026 pukul 10.40.00 UTC+7","14 Juni 2026 pukul 13.50.00 UTC+7","hakan çalhanoğlu,ferdi kadıoğlu","./explore?q=hakan%20%C3%A7alhano%C4%9Flu&geo=ID"
"aaron hickey","1 rb+","14 Juni 2026 pukul 08.00.00 UTC+7","14 Juni 2026 pukul 12.20.00 UTC+7","aaron hickey","./explore?q=aaron%20hickey&geo=ID"
"swiss","2 rb+","14 Juni 2026 pukul 02.00.00 UTC+7","14 Juni 2026 pukul 08.10.00 UTC+7","swiss","./explore?q=swiss&geo=ID"
"klasemen piala dunia 2026","2 rb+","14 Juni 2026 pukul 05.40.00 UTC+7","14 Juni 2026 pukul 11.50.00 UTC+7","klasemen piala dunia 2026","./explore?q=klasemen%20piala%20dunia%202026&geo=ID"
"danilo","2 rb+","14 Juni 2026 pukul 05.00.00 UTC+7","14 Juni 2026 pukul 08.50.00 UTC+7","danilo","./explore?q=danilo&geo=ID"
"neil el aynaoui","2 rb+","14 Juni 2026 pukul 04.30.00 UTC+7","14 Juni 2026 pukul 09.00.00 UTC+7","neil el aynaoui","./explore?q=neil%20el%20aynaoui&geo=ID"
"azzedine ounahi","2 rb+","14 Juni 2026 pukul 04.30.00 UTC+7","14 Juni 2026 pukul 08.40.00 UTC+7","azzedine ounahi","./explore?q=azzedine%20ounahi&geo=ID"
"jean-ricner bellegarde","1 rb+","14 Juni 2026 pukul 07.30.00 UTC+7","14 Juni 2026 pukul 11.00.00 UTC+7","jean-ricner bellegarde","./explore?q=jean-ricner%20bellegarde&geo=ID"
"skor indonesia vs kamboja u 19","2 rb+","14 Juni 2026 pukul 04.00.00 UTC+7","14 Juni 2026 pukul 08.20.00 UTC+7","skor indonesia vs kamboja u 19,nova arianto","./explore?q=skor%20indonesia%20vs%20kamboja%20u%2019&geo=ID"
"vinícius júnior","2 rb+","14 Juni 2026 pukul 05.10.00 UTC+7","14 Juni 2026 pukul 09.20.00 UTC+7","vinícius júnior","./explore?q=vin%C3%ADcius%20j%C3%BAnior&geo=ID"
"neymar","2 rb+","14 Juni 2026 pukul 04.30.00 UTC+7","14 Juni 2026 pukul 08.40.00 UTC+7","neymar","./explore?q=neymar&geo=ID"
"alessandro circati","1 rb+","14 Juni 2026 pukul 11.30.00 UTC+7","14 Juni 2026 pukul 14.00.00 UTC+7","alessandro circati","./explore?q=alessandro%20circati&geo=ID"
"live score","2 rb+","14 Juni 2026 pukul 05.40.00 UTC+7","14 Juni 2026 pukul 08.50.00 UTC+7","live score","./explore?q=live%20score&geo=ID"
"frantzdy pierrot","1 rb+","14 Juni 2026 pukul 07.20.00 UTC+7","14 Juni 2026 pukul 10.40.00 UTC+7","frantzdy pierrot","./explore?q=frantzdy%20pierrot&geo=ID"
"chadi riad","2 rb+","14 Juni 2026 pukul 04.30.00 UTC+7","14 Juni 2026 pukul 08.30.00 UTC+7","chadi riad","./explore?q=chadi%20riad&geo=ID"
"penerbangan","2 rb+","13 Juni 2026 pukul 23.00.00 UTC+7","14 Juni 2026 pukul 09.20.00 UTC+7","penerbangan","./explore?q=penerbangan&geo=ID"
"che adams","1 rb+","14 Juni 2026 pukul 07.20.00 UTC+7","14 Juni 2026 pukul 10.30.00 UTC+7","che adams","./explore?q=che%20adams&geo=ID"
"andrew robertson","1 rb+","14 Juni 2026 pukul 07.50.00 UTC+7","14 Juni 2026 pukul 11.00.00 UTC+7","andrew robertson","./explore?q=andrew%20robertson&geo=ID"
"real madrid c.f.","2 rb+","14 Juni 2026 pukul 04.10.00 UTC+7","14 Juni 2026 pukul 08.00.00 UTC+7","real madrid c.f.","./explore?q=real%20madrid%20c.f.&geo=ID"
"noussair mazraoui","1 rb+","14 Juni 2026 pukul 04.40.00 UTC+7","14 Juni 2026 pukul 08.20.00 UTC+7","noussair mazraoui","./explore?q=noussair%20mazraoui&geo=ID"
"achraf hakimi","1 rb+","14 Juni 2026 pukul 04.40.00 UTC+7","14 Juni 2026 pukul 08.20.00 UTC+7","achraf hakimi","./explore?q=achraf%20hakimi&geo=ID"
"bruno guimarães","1 rb+","14 Juni 2026 pukul 04.40.00 UTC+7","14 Juni 2026 pukul 08.00.00 UTC+7","bruno guimarães","./explore?q=bruno%20guimar%C3%A3es&geo=ID"
"thailand vs australia","2 rb+","13 Juni 2026 pukul 20.10.00 UTC+7","13 Juni 2026 pukul 23.40.00 UTC+7","thailand vs australia,australia vs thailand","./explore?q=thailand%20vs%20australia&geo=ID"
"raphinha","1 rb+","14 Juni 2026 pukul 04.50.00 UTC+7","14 Juni 2026 pukul 08.20.00 UTC+7","raphinha","./explore?q=raphinha&geo=ID"
"granit xhaka","1 rb+","14 Juni 2026 pukul 01.40.00 UTC+7","14 Juni 2026 pukul 05.40.00 UTC+7","granit xhaka","./explore?q=granit%20xhaka&geo=ID"
"denis zakaria","2 rb+","14 Juni 2026 pukul 01.50.00 UTC+7","14 Juni 2026 pukul 05.00.00 UTC+7","denis zakaria,ricardo rodríguez","./explore?q=denis%20zakaria&geo=ID"
"rubén vargas","1 rb+","14 Juni 2026 pukul 01.40.00 UTC+7","14 Juni 2026 pukul 05.20.00 UTC+7","rubén vargas","./explore?q=rub%C3%A9n%20vargas&geo=ID"
"abdülkerim bardakcı","500+","14 Juni 2026 pukul 10.50.00 UTC+7","14 Juni 2026 pukul 12.40.00 UTC+7","abdülkerim bardakcı","./explore?q=abd%C3%BClkerim%20bardakc%C4%B1&geo=ID"
"matheus cunha","1 rb+","14 Juni 2026 pukul 05.20.00 UTC+7","14 Juni 2026 pukul 08.20.00 UTC+7","matheus cunha","./explore?q=matheus%20cunha&geo=ID"
"dan ndoye","1 rb+","14 Juni 2026 pukul 01.40.00 UTC+7","14 Juni 2026 pukul 05.10.00 UTC+7","dan ndoye","./explore?q=dan%20ndoye&geo=ID"
"ben gannon-doak","1 rb+","14 Juni 2026 pukul 07.40.00 UTC+7","14 Juni 2026 pukul 10.00.00 UTC+7","ben gannon-doak","./explore?q=ben%20gannon-doak&geo=ID"
"éderson","1 rb+","14 Juni 2026 pukul 05.00.00 UTC+7","14 Juni 2026 pukul 08.00.00 UTC+7","éderson","./explore?q=%C3%A9derson&geo=ID"
"wc 2026","1 rb+","14 Juni 2026 pukul 05.20.00 UTC+7","14 Juni 2026 pukul 08.10.00 UTC+7","wc 2026","./explore?q=wc%202026&geo=ID"
"hakimi","1 rb+","14 Juni 2026 pukul 05.30.00 UTC+7","14 Juni 2026 pukul 08.00.00 UTC+7","hakimi,brasil vs panama","./explore?q=hakimi&geo=ID"
"gregor kobel","1 rb+","14 Juni 2026 pukul 01.50.00 UTC+7","14 Juni 2026 pukul 05.00.00 UTC+7","gregor kobel","./explore?q=gregor%20kobel&geo=ID"
"live sports","500+","14 Juni 2026 pukul 05.00.00 UTC+7","14 Juni 2026 pukul 07.40.00 UTC+7","live sports","./explore?q=live%20sports&geo=ID"
"marquinhos","500+","14 Juni 2026 pukul 05.10.00 UTC+7","14 Juni 2026 pukul 07.40.00 UTC+7","marquinhos","./explore?q=marquinhos&geo=ID"
"dylan harper","500+","14 Juni 2026 pukul 09.50.00 UTC+7","14 Juni 2026 pukul 11.20.00 UTC+7","dylan harper","./explore?q=dylan%20harper&geo=ID"
"brahim diaz","500+","14 Juni 2026 pukul 05.30.00 UTC+7","14 Juni 2026 pukul 07.30.00 UTC+7","brahim diaz","./explore?q=brahim%20diaz&geo=ID"
"endrick","500+","14 Juni 2026 pukul 05.40.00 UTC+7","14 Juni 2026 pukul 07.30.00 UTC+7","endrick","./explore?q=endrick&geo=ID"
"soufiane rahimi","500+","14 Juni 2026 pukul 05.50.00 UTC+7","14 Juni 2026 pukul 08.00.00 UTC+7","soufiane rahimi","./explore?q=soufiane%20rahimi&geo=ID"
"weather tomorrow","5 rb+","13 Juni 2026 pukul 20.50.00 UTC+7","13 Juni 2026 pukul 21.40.00 UTC+7","weather tomorrow","./explore?q=weather%20tomorrow&geo=ID"
"chemsdine talbi","500+","14 Juni 2026 pukul 06.30.00 UTC+7","14 Juni 2026 pukul 07.50.00 UTC+7","chemsdine talbi","./explore?q=chemsdine%20talbi&geo=ID"
"luiz henrique","200+","14 Juni 2026 pukul 06.20.00 UTC+7","14 Juni 2026 pukul 07.40.00 UTC+7","luiz henrique","./explore?q=luiz%20henrique&geo=ID"
"miro muheim","200+","14 Juni 2026 pukul 07.10.00 UTC+7","14 Juni 2026 pukul 08.20.00 UTC+7","miro muheim","./explore?q=miro%20muheim&geo=ID"
"remo freuler","200+","14 Juni 2026 pukul 02.10.00 UTC+7","14 Juni 2026 pukul 03.40.00 UTC+7","remo freuler","./explore?q=remo%20freuler&geo=ID"
"danley jean jacques","200+","14 Juni 2026 pukul 08.30.00 UTC+7","14 Juni 2026 pukul 09.20.00 UTC+7","danley jean jacques","./explore?q=danley%20jean%20jacques&geo=ID"
"klasmen piala dunia","200+","14 Juni 2026 pukul 07.20.00 UTC+7","14 Juni 2026 pukul 08.10.00 UTC+7","klasmen piala dunia","./explore?q=klasmen%20piala%20dunia&geo=ID"
"ruben onsu","200+","14 Juni 2026 pukul 05.50.00 UTC+7","14 Juni 2026 pukul 06.50.00 UTC+7","ruben onsu","./explore?q=ruben%20onsu&geo=ID"
"cunha","200+","14 Juni 2026 pukul 06.50.00 UTC+7","14 Juni 2026 pukul 07.30.00 UTC+7","cunha","./explore?q=cunha&geo=ID"
"miroslav klose","100+","14 Juni 2026 pukul 04.40.00 UTC+7","14 Juni 2026 pukul 05.50.00 UTC+7","miroslav klose","./explore?q=miroslav%20klose&geo=ID"
"yallakora","100+","14 Juni 2026 pukul 05.30.00 UTC+7","14 Juni 2026 pukul 06.10.00 UTC+7","yallakora","./explore?q=yallakora&geo=ID"
"ya","100+","14 Juni 2026 pukul 05.30.00 UTC+7","14 Juni 2026 pukul 06.10.00 UTC+7","ya","./explore?q=ya&geo=ID"
"inter turku","500+","13 Juni 2026 pukul 21.00.00 UTC+7","13 Juni 2026 pukul 21.20.00 UTC+7","inter turku","./explore?q=inter%20turku&geo=ID"