Topic,Count,Name,Representation,Representative_Docs
-1,993,-1_tidak_aplikasi_bisa_ini,"['tidak', 'aplikasi', 'bisa', 'ini', 'login', 'data', 'daftar', 'ada', 'tapi', 'pengguna']","['aplikasi apa ini dapat verifikasi lewat email keterangan bisa login ternyata pas login nama pengguna password benar berkali-kali tetap saja gagal', 'tolong data jangan salah gunakan padahal dapat notifikasi email akun berhasil verifikasi tapi pas mau login tidak bisa bagaimana sih ini aplikasi', 'bikin aku baru masukkan data sampai ada tulisan nama pengguna terdaftar silakan login tapi coba login tidak bisa kata belum aktivasi cek email tidak ada email apa apa bagaimana ini data']"
0,502,0_bansos_cek_aplikasi_ini,"['bansos', 'cek', 'aplikasi', 'ini', 'ada', 'dapat', 'tidak', 'bisa', 'bantuan', 'daftar']","['kenapa cek bansos sekarang tidak bisa login', 'tolong perbaiki aplikasi cek bansos', 'kenapa aplikasi cek bansos tidak bisa buka']"
1,225,1_koneksi_jaringan_fi_wi,"['koneksi', 'jaringan', 'fi', 'wi', 'masalah', 'bagus', 'padahal', 'lancar', 'pakai', 'sinyal']","['aplikasi tidak bisa akses setiap login selalu muncul kerja masalah koneksi padahal pakai wi-fi tolong perbaiki aplikasi', 'setiap log in tidak bisa kerja kesalahan koneksi melulu padahal pakai wi-fi pakai data sama saja kerja kesalahan padahal sinyal jaringan stabil buat lain lancar tapi buat buka aplikasi ini kok tidak bisa', 'aplikasi tidak bisa buka lama menunggu tapi selalu muncul masalah koneksi masalah koneksi lagi padahal coba pakai wi-fi data lancar tolong perbaiki admin']"
2,196,2_penduduk_kartu_tanda_foto,"['penduduk', 'kartu', 'tanda', 'foto', 'swafoto', 'sesuai', 'unggah', 'data', 'isi', 'aplikasi']","['aplikasi tidak jelas ini daftar sesuai petunjuk masukkan data sesuai kartu tanda penduduk alamat lengkap dan lain-lain swafoto sama kartu tanda penduduk tapi tetap saja aplikasi tidak bisa buka menyesal takut data kartu tanda penduduk salahgunakan', 'aneh bikin akun foto kartu tanda penduduk swafoto foto tapi tidak bisa login keterangan akun tidak ditemukan padahal dapat email tolong diperbaiki lagi', 'ini bagaimana kok mau daftar akun tidak bisa bisa data diisi semua tinggal swafoto foto kartu tanda penduduk sama foto kartu tanda penduduk saja tidak bisa selalu kembali menu utama bagaimana sih']"
3,171,3_nik_terdaftar_nama_akun,"['nik', 'terdaftar', 'nama', 'akun', 'daftar', 'kata', 'baru', 'nomor', 'belum', 'mau']","['aplikasi tidak guna daftar nik ada keterangan terdaftar pas mau log in bahkan ada keterangan nik belum terdaftar', 'kenapa mau daftar akun bahkan tidak bisa tulisan terdaftar nik terdaftar juga padahal belum pernah daftar sama sekali tolong bantuan', 'aplikasi tidak jelas belum pernah daftar akun pas selesai semua dimasukkan nik nama password foto kartu tanda penduduk kartu tanda penduduk kata nik terdaftar lah kapan saja baru unduh ini aplikasi bagaimana mau masuk aplikasi ini orang baru mau daftar saja tulisan nik terdaftar aneh']"
4,132,4_password_pengguna_nama_login,"['password', 'pengguna', 'nama', 'login', 'ditemukan', 'terdaftar', 'pas', 'belum', 'daftar', 'padahal']","['kenapa setiap mau login tidak bisa selalu muncul tulisan nama pengguna password tidak ditemukan belum dilakukan aktivasi padahal daftar coba daftar ulang tidak bisa nomor nik terdaftar', 'saat daftar sesuai kartu tanda penduduk ada keterangan nama pengguna telah terdaftar silakan login tapi pas login ada keterangan nama pengguna password tidak ditemukan belum dilakukan aktivasi padahal coba beberapa kali tapi hasil masih sama saja', 'kok akun belum verifikasi kenapa ya tolong dong lama daftar tapi pas login selalu ada tulisan pengguna nama password tidak ditemukan belum dilakukan aktivasi ini bagaimana sih']"
5,111,5_buka_dibuka_bisa_kebuka,"['buka', 'dibuka', 'bisa', 'kebuka', 'hitam', 'layar', 'kenapa', 'pasang', 'aplikasi', 'tidak']","['aplikasi tidak bisa buka', 'kenapa aplikasi tidak bisa buka', 'aplikasi kenapa tidak bisa buka']"
6,105,6_provinsi_loading_pilih_error,"['provinsi', 'loading', 'pilih', 'error', 'klik', 'mau', 'bagian', 'pilihan', 'lama', 'saja']","['saja mana sih mau daftar tidak bisa masuk pilihan provinsi tolong dong dibenarkan mau daftar susah banget buka pilihan provinsi muncul tulisan error melulu', 'aplikasi tidak berguna saat mendaftar akun masuk pilih provinsi loading berjam jam bahkan tidak bisa muncul sama sekali provinsi aneh pengembang tolong perbaiki lagi aplikasi biar bermanfaat terakhir copot pemasangan', 'aplikasi tidak bisa gunakan masa pas klik provinsi tidak mau muncul tolong perbaiki']"
7,85,7_pengguna_login_nama_password,"['pengguna', 'login', 'nama', 'password', 'terdaftar', 'kata', 'jelas', 'pas', 'ditemukan', 'aplikasi']","['aplikasi tidak membantu mau login tidak bisa nama pengguna password tidak ditemukan padahal berhasil daftar', 'pas daftar berhasil giliran mau login kata pengguna password belum terdaftar pas daftar ulang kata terdaftar tinggal masuk pakai pengguna eh coba lagi masuk pakai pengguna tetap tidak bisa aneh ini aplikasi', 'aplikasi apa daftar ini itu pas giliran mau login lagi password nama pengguna salah padahal jelas jelas baru daftar aneh']"
8,84,8_verifikasi_email_menunggu_masuk,"['verifikasi', 'email', 'menunggu', 'masuk', 'belum', 'diverifikasi', 'daftar', 'terverifikasi', 'sabar', 'tapi']","['daftar mengisi data sesuai lalu mendapat email pertama isi memberitahukan telah registrasi berikut menunggu email dikirim verifikasi bisa masuk aplikasi selang menit dapat email verifikasi cakap buat baru daftar seperti harus sabar menunggu verifikasi terlebih dahulu melalui email baru bisa masuk aplikasi sering cek email kalau cuma daftar terus selesai lalu login aplikasi tidak bakal bisa masuk sebelum diaktivasi', 'mau login tidak pernah bisa kata belum verifikasi harus menunggu verifikasi email ada tapi suruh menunggu verifikasi padahal email udah ada dalam email kata aplikasis bisa gunakan tapi kok tetap tidak bisa bagaimana ini', 'data bisa masuk terdaftar tapi login menunggu verifikasi terus mau daftar baru data terdaftar login tidak bisa bisa menunggu verifikasi terus']"
9,68,9_bantuan_orang_dapat_penyelenggara,"['bantuan', 'orang', 'dapat', 'penyelenggara', 'penerima', 'jaminan', 'tidak', 'badan', 'sosial', 'cek']","['kenapa ini tidak bisa daftar langsung kasihan berhak dapat bantuan tapi tidak mendapatkan mau daftar mandiri tidak bisa persulit sistem bantuan sekarang bagaimana salah sasaran dapat bantuan juga orang itu saja mau daftar mandiri tidak bisa', 'tahun lebih daftarkan ibu layak dapat bantuan lanjut usia tapi daftar usulan tidak pernah cek aneh buat apa bikin aplikasi kayak begini kalau ujung tidak berguna banyak bantuan tidak tepat sasaran giliran berhak dapat bahkan tidak dapat', 'susah sekali padahal daftar tapi sampai sekarang masih belum verifikasi padahal lama giliran mau buat baru keterangan buat akun tapi masih saja tidak bisa buka bagaimana sih terus harus bertanya siapa giliran orang benar benar susah mau dapat bantuan bahkan persulit tapi orang mampu bahkan dapat bantuan terkadang bingung pemerintah tolong aktivasi akun bisa mendaftarkan menerima bantuan']"
10,64,10_negara_pemerintah_rakyat_aplikasi,"['negara', 'pemerintah', 'rakyat', 'aplikasi', 'bikin', 'uang', 'anggaran', 'masyarakat', 'buatan', 'kalau']","['kalau ada bintang pasti itu pilih tidak berguna sama sekali mau buat akun bahkan error terus berkali-kali kali coba tetap saja masalah jaringan lah error lah apa lah dasar tidak guna lagian kenapa masyarakat harus mengurus data sendiri padahal pegawai negeri sipil gaji melayani data masyarakat kalau ada aplikasi kayak begini lebih baik pegawai negeri sipil pecat saja semua tidak berguna mau makan gaji buta saja bisa', 'sayang sekali aplikasi punya pemerintah memang selalu gagal dibuka juga tidak bisa bikin aplikasi ini pasti ada dana kalian kalian bikin aplikasi macam ini harus malu didanai negara pakai uang rakyat tapi aplikasi sama sekali tidak berfungsi', 'aplikasi buatan pemerintah serasa aplikasi bodong mau buka aplikasi saja susah error lah kendala sinyal lah mau usulkan bantuan pun sinyal kendala lagi berhasil diusulkan ditunggu lama berbulan bulan hampir tahun pun usulan bantuan belum diverifikasi ini niat mau bantu rakyat apa tidak sih jangan cuma buang anggaran negara buat bikin aplikasi tidak jelas begini bilang mau bantu rakyat rakyat meminta bantuan saja dibuat susah dicueki tunda']"
11,64,11_bintang_kasih_kalau_dulu,"['bintang', 'kasih', 'kalau', 'dulu', 'aku', 'akun', 'satu', 'ubah', 'aplikasi', 'saja']","['hampir bulan akun masih belum verifikasi padahal sangat membutuhkan aplikasi ini bantuan pemerintah maaf kasih bintang satu dulu kalau memang bisa pakai aplikasi ini baru tidak kasih bintang', 'kasih bintang dulu aplikasi belum bisa buka', 'tidak bisa buat akun beberapa kali gagal terus gagal terus terima kasih kasih bintang saja nanti kalau tetap tidak bisa akan kasih bintang']"
12,53,12_terima_membantu_kasih_sangat,"['terima', 'membantu', 'kasih', 'sangat', 'bantuan', 'alhamdulillah', 'aplikasi', 'ini', 'bagus', 'semoga']","['aplikasi ini sangat membantu masyarakat tidak sulit lagi mendaftar secara online terima kasih ya aku beri bintang aplikasi sangat membantu memudahkan kita awal sulit sedikit error tapi alhamdulillah berkat aplikasi ini aku bisa daftar online terima kasih banyak aplikasi', 'terima kasih kemensos aplikasi ini sangat membantu cepat', 'aplikasi ini sangat membantu terima kasih membuat aplikasi ini']"
13,50,13_sesi_login_berakhir_terus,"['sesi', 'login', 'berakhir', 'terus', 'masuk', 'mau', 'sana', 'kerja', 'bisa', 'kali']","['aku baru pasang berhasil daftar tapi kok begini terus sih muncul tulisan sesi telah berakhir dicoba berkali-kali tetap sama saja', 'baru masuk tiba tiba ada tulisan sesi berakhir silakan login kembali login seperti begitu lagi sampai berkali-kali kali belum ada detik muncul tulisan seperti begitu setiap login parah ini error', 'tolong dong bagaimana ini login terus kata sesi berakhir terus lupa kata sana mau ganti susah banget juga mau ganti email susah banget selalu gagal terus']"
14,49,14_keluarga_program_harapan_anak,"['keluarga', 'program', 'harapan', 'anak', 'bantuan', 'penerima', 'status', 'bpnt', 'sekolah', 'dapat']","['tolong dong aplikasi segera perbaiki error terus kemarin sangat butuh buat daftar program keluarga harapan buat anak', 'daftar program keluarga harapan lewat aplikasi tapi tidak ada respons', 'data kurang akurat tetangga dapat bantuan program keluarga harapan terima bulan lalu padahal aplikasi status bukan penerima program keluarga harapan data belum terintegrasi']"
15,47,15_pembaruan_data_perbarui_perubahan,"['pembaruan', 'data', 'perbarui', 'perubahan', 'bulan', 'lebih', 'sekali', 'proses', 'tidak', 'benar']","['tahun tidak bisa pembaruan data aplikasi tidak ada guna', 'aplikasi pemerintah memang tidak pernah benar mau pembaruan data saja tidak bisa bisa', 'mau pembaruan data kok susah sekali']"
16,47,16_pemerintah_sekelas_negara_login,"['pemerintah', 'sekelas', 'negara', 'login', 'kementerian', 'aplikasi', 'situs', 'tidak', 'saja', 'pemerintahan']","['ini bagaimana sih kok tidak ada aktivasi email lama banget sekelas aplikasi pemerintah kok begini aplikasi lain itu aktivasi langsung lo sebentar saja sesudah unduh lah ini beberapa hari tidak muncul aktivasi email tolonglah diperbaiki sekelas pemerintahan jangan ecek-ecek pelayanan', 'asli parah ini aplikasi pemerintah banyak bug bagaimana mau mengajukan daftar login saja tidak bisa seperti negara kita tidak ada orang bisa membuat aplikasi indonesia kok begini', 'menunggu email aktivasi lama sekali dapat login saja tidak bisa bisa muncul tulisan koneksi tidak bagus aneh banget kenapa aplikasi sekelas pemerintah begini tolong cepat diperbaiki']"
17,46,17_foto_unggah_selalu_keluar,"['foto', 'unggah', 'selalu', 'keluar', 'awal', 'kali', 'pas', 'kamera', 'akun', 'lagi']","['susah banget daftar selesai foto mau upload foto selalu kembali menu awal coba berkali-kali kali tetap tidak bisa', 'kenapa tiap mau buat akun unggah foto selalu kembali awal begitu terus tolong perbaiki lagi', 'ini bagaimana mau buat akun gagal terus mengisi data pas unggah foto mengulang lagi awal dicoba berkali-kali kali tetap ulang terus tolong diperbaiki']"
18,45,18_login_melulu_error_tolong,"['login', 'melulu', 'error', 'tolong', 'perbaiki', 'mohon', 'situs', 'web', 'diperbaiki', 'lagi']","['error melulu tolong diperbaiki ya', 'mendapat email dua akun telah aktivasi tapi pas mau login tidak bisa masuk kerja masalah koneksi berapa kali coba tetap itu terus masalah padahal koneksi bagus kuota banyak mohon pencerahan bagi bisa login', 'buka error terus tidak bisa login padahal ada data lah tolong perbaiki lagi ya']"
19,39,19_sampah_anggaran_aplikasi_kalian,"['sampah', 'anggaran', 'aplikasi', 'kalian', 'pemerintah', 'kotak', 'saja', 'buang', 'begini', 'tidak']","['aplikasi sampah daftar saja susah banget daftar terus login akun tidak terdaftar anggaran miliaran aplikasi kayak sampah kalau memang rakyat tidak boleh daftar tidak usah bikin bikin aplikasi seperti begini menghabiskan uang rakyat saja', 'aplikasi sampah ketika mendaftar kata tidak bisa daftar lagi error sibuk saat daftar ulang eh dibilang terdaftar mau login bahkan dibilang belum terverifikasi aplikasi ini bagaimana sih padahal punya pemerintah kok bahkan seperti aplikasi palsu semacam sampah begitu apa seperti begini pemerintahan', 'aplikasi sampah lama pembaruan data belum tidak proses']"
20,38,20_rukun_tetangga_warga_kirim,"['rukun', 'tetangga', 'warga', 'kirim', 'diisi', 'pembaruan', 'isi', 'rumah', 'opsional', 'mengisi']","['oke teman semoga bisa sedikit membantu jika saat kirim muncul tulisan silakan mengisi rukun tetangga padahal data kita isi semua tapi masih tetap tidak bisa kirim coba di bagian rukun tetangga rukun warga itu diberi tanda catatan memang kartu tanda penduduk tidak punya rukun tetangga ataupun rukun warga kalau di bagian rukun tetangga ada hanya bagian rukun warga diberi tanda alhamdulillah setelah itu bisa kirim', 'susah memperbaharui data daerah tidak ada rukun tetangga rukun warga padahal aplikasi ada keterangan kosongkan jika tidak ada rukun tetangga rukun warga tapi saat kirim tetap saja masukan rukun tetangga indonesia ini tidak semua daerah punya rukun tetangga rukun warga seharusnya opsional tidak wajib isi', 'mau pembaruan data rukun tetangga rukun tetangga boleh opsional saat kirim bahkan disuruh isi rukun tetangga saat diisi rukun tetangga padahal kartu tanda penduduk tapi bahkan tidak bisa aplikasi apa ini']"
21,34,21_error_aplikasi_terus_sering,"['error', 'aplikasi', 'terus', 'sering', 'mencari', 'indonesia', 'it', 'banyak', 'odong', 'mental']","['sebenarnya bukan aplikasi error tapi mental dasar error siapa itu percuma juga kita bahas beginian warga indonesia bangga punya aplikator bisa buat aplikasi banyak sumber daya manusia berkualitas cerdas tapi hasil karya kamu kamu tidak bisa diakses padahal slogan kita baik kalau bisa dipermudah kenapa harus dipersulit bukan begitu ini kembali masa dulu lagi maka mental dasar mesti diperbaiki', 'aplikasi berat banget menghadapi indonesia saja terasa berat aplikasi sering error tidak bisa sekuat facebook apa masa indonesia tidak kurang orang pintar tapi bikin aplikasi masih suka error tingkatkan lagi biar tidak suka error', 'menggunakan apa sangat kecewa kenapa muncul error java lag pakai bahasa asing pula buka indonesia maju bahasa juga mendunia paling jelek aplikasi ini tidak bisa mendaftar terdaftar orang kecil kesulitan semakin sulit ketika ada harapan putus di tengah jalan bukan kali pertama memang indonesia banyak pintar it apa cuma gunakan mencari isu bohong menutupi kesalahan']"
22,34,22_aktivasi_belum_akun_email,"['aktivasi', 'belum', 'akun', 'email', 'log', 'login', 'notifikasi', 'in', 'informasi', 'nama']","['bulan lebih belum juga dapat balasan aktivasi saat buat akun baru nama pengguna terdaftar tapi tetap tidak bisa login', 'padahal dapat email kemensos akun aktivasi tapi saat log in masih ada notifikasi belum aktivasi terus aneh', 'ini bagaimana aktivasi buat akun isi semua benar terus mau log in susah belum aktivasi kata menunggu email tidak ada aktivasi apa']"
23,33,23_kasih_terima_mohon_tertawa,"['kasih', 'terima', 'mohon', 'tertawa', 'ini', 'login', 'jangan', 'pesan', 'data', 'aplikasi']","['halo bapak ibu terima kasih aplikasi sebenarnya aplikasi sangat membantu hanya saja mungkin bisa diperbaiki kembali mengalami kendala tidak bisa login lupa password isikan nomor telepon juga email lupa sana tapi email konfirmasi masuk sangat lama sehingga link aktivasi selalu kedaluwarsa selalu gagal mohon tolong bantuan ada keperluan mendesak bisa login kembali terima kasih', 'selaku pengguna aplikasi ini meminta hormat kepada admin tolong hapus semua data nama pengguna yakub kita ini orang susah berharap ada rezeki sedikit sedikit menambah kebutuhan sehari hari tapi apa setelah melakukan pengisian data amat sangat benar tapi tidak bisa login sama sekali bingung semakin bingung aplikasi ini sekali lagi meminta hormat sehormat hapus semua data orang mengisi data aplikasi ini tapi tidak bisa login terima kasih', 'data kita serahkan aplikasi ini benar tetapi masih saja banyak mengeluhkan tidak bisa masuk dikarenakan nama salah password padahal kita daftar benar mohon kalau memang tidak bisa memberikan bantuan stidak kasih pemberitahuan lagi kepada kalau akun ambil off sebab akun data berikan kepada aplikasi ini sangat rahasia mohon hormat jangan sampai data jangan salah gunakan bapak ibu terima kasih kasih']"
24,33,24_data_daftar_pendaftaran_bisa,"['data', 'daftar', 'pendaftaran', 'bisa', 'masuk', 'mau', 'tidak', 'salah', 'gunakan', 'mengecek']","['tidak jelas lengkapi pendaftaran terdaftar pas login tidak bisa masuk tolong jangan sampai salah gunakan data terdaftar tapi tidak bisa masuk', 'tidak jelas udah daftar udah terima semua tapi pas masuk lagi mau cek kenapa tidak bisa bahkan semua data udah masuk lagi semoga tidak salah gunakan ya bisa tuntut kalau salah gunakan', 'mengisi semua pendaftaran lengkap tapi kenapa tidak dapat login tertulis data tidak ditemukan belum terdaftar padahal ulang tidak bisa mendaftar mohon penjelasan jangan sampai data salah gunakan kemudian hari']"
25,32,25_bantuan_dapat_susah_orang,"['bantuan', 'dapat', 'susah', 'orang', 'masyarakat', 'lain', 'saja', 'bahkan', 'warga', 'mau']","['aplikasi formalitas negara padahal kalau memang tidak mau membantu masyarakat tidak perlu memberi harapan bantuan giliran mau dipakai aplikasi tidak berguna sama sekali daftar saja susah awal sampai sekarang tidak pernah dapat bantuan padahal masuk kategori tidak mampu', 'parah daftar saja susah sekali bahkan koneksi atur ulang terus waktu coba heran isi dalam kakak saja tinggal orang pekerjaan hanya orang itu pun pekerjaan tidak tetap masih tidak dapat bantuan apa susah harus dibuat robert dulu biar makin susah mendapatkan bantuan negara buat aplikasi saja masih banyak kurang heran bukan main', 'mau ajukan bantuan selama hidup daerah in belum pernah dapat bantuan apapun pemerintah aplikasi buat ini kan mempermudah masyarakat menengah bawah daftar tapi setiap kali daftar ingin mengajukan kak selalu saja ada halangan aplikasi error lah belum terverifikasi lah dan lain-lain pokok harus tingkatkan lagi aplikasi supaya tidak mengecewakan lagi ok']"
26,30,26_error_perbaiki_terus_kerja,"['error', 'perbaiki', 'terus', 'kerja', 'kesalahan', 'tolong', 'dong', 'panjang', 'sering', 'selalu']","['berulang kali mencoba daftar tetap tidak bisa error terus bagaimana kita mau tahu dapat tidak sementara kita daftar saja selalu error daftar ulang kata terdaftar hapus pasang tetap saja sama jika seperti ini jawaban hanya halo bapak ibu maaf atas ketidak nyaman akan terus perbaiki perbaiki apa harus kasih penjelasan dong', 'maaf ini kenapa sih setiap masuk aplikasi kayak error terus tolong dong perbaiki supaya tidak error terus', 'tolong perbaiki lagi aplikasi kenapa error terus sih']"
27,29,27_parse_json_error_muncul,"['parse', 'json', 'error', 'muncul', 'selalu', 'diperbaiki', 'tolong', 'tulisan', 'klik', 'versi']","['tiap kali login selalu saja muncul tulisan error json parse memang siapa sih json parse tolong dong aplikasi dibenahi ditingkatkan lagi masa tiap login selalu error terus', 'dapat email verifikasi lalu login tapi bilang error json parse membuka aplikasi pun seperti itu selalu error json parse bagaimana mau mengecek kalau tidak bisa akses aplikasi tolong jika bisa secepat perbaiki', 'kiraan saja suka error json parse dapat email aktivasi disuruh login eh muncul error json parse sampai kiraan salah password coba atur ulang password juga masih error json parse kecewa sih kalau begini']"
28,28,28_aktivasi_email_belum_akun,"['aktivasi', 'email', 'belum', 'akun', 'daftar', 'menunggu', 'minggu', 'hari', 'harus', 'lama']","['memang aktivasi berapa lama sih kok akun tidak bisa gunakan ya kata harus menunggu aktivasi tapi sampai sekarang belum ada aktivasi rugi dong daftar tapi akun tidak bisa buka', 'daftar akun berhasil dapat email aktivasi tapi kok mau masuk akun tidak bisa alasan belum aktivasi', 'daftar tapi belum aktivasi']"
29,28,29_hp_memori_ulang_meminta,"['hp', 'memori', 'ulang', 'meminta', 'error', 'email', 'nomor', 'pokok', 'log', 'tidak']","['dibuat ngemi mengemis sekali mau mengemis lewat ini aplikasi bahkan error melulu mesti begini mesti begitu harus os seginilah segitulah terbarulah kok repot benar nama orang meminta bantuan kebanyakan juga hp mentok untung masih punya hp lah misal hp terbaru sedang apa meminta bantuan arti mampu dong kalau hp terbaru kalau mampu sedang apa meminta bantuan pikir sampai level sini udah kalau memang benaran kemensos memikirkan sosial masyarakat bawah', 'daftar sukses tapi kok login nama pengguna salah terus tidak bisa masuk meminta masukan nomor hp juga tidak bisa padahal email terdaftar atur ulang password juga tidak bisa', 'tidak bisa login nomor hp email ganti password nama pengguna hp lama hilang lupa daftar lagi tidak dibolehkan atur ulang password juga tidak bisa hp email itu tidak ada lagi sama aplikasi jelek programmer tidak pikir bagaimana cara kalau kasus seperti']"
30,27,30_daftar_semua_eh_email,"['daftar', 'semua', 'eh', 'email', 'tidak', 'sesuai', 'alamat', 'login', 'setelah', 'aplikasi']","['ternyata bukan saja tidak bisa daptar akun gagal terus padahal sesuai data sesuai juga eh tetap saja alamat tidak sesuai padahal data sesuai semua kalau tidak mau pakai jangan buat aplikasi ini lah', 'aplikasi membingungkan daftar tidak bisa masuk alasan ya nama sama paspor tidak terdaftar jelas nma terdaftar setelah dapat email pusdatin setelah masuk lagi paspor nma tidak terdaftar coba atur ulang kata sana sana riset setelah buka email login melalui petunjuk email gaada luarsa padahal baru satu detik menerima kalau kata sih ini mebingungkan kayak tidak niat bikin aplikasi ini', 'sangat jelek aplikasi tidak berguna daftar ada keterangan berhasil daftar suruh silakan login ketika login masukan username password eh tetap tidak bisa keteranga belum terdaftar belum teraktivasi coba bagaimana ini solusi coba berulang ulang mau daftar baru juga tidak bisa email nomor kartu tanda penduduk kakak terdaftar tetap suruh login tapi gagal login terus']"
31,26,31_desa_orang_masyarakat_daftar,"['desa', 'orang', 'masyarakat', 'daftar', 'dapat', 'perangkat', 'dekat', 'langsung', 'aku', 'pemerintah']","['tolong perbaiki lagi aplikasi coba daftar semua data isi lengkap tapi keluar sendiri jika benar aplikasi ini mempermudah masyarakat kenapa bahkan kesan persulit banyak masyarakat berharap bisa daftar desa masing masing tidak daftarkan padahal mungkin lebih hak daripada orang orang daftarkan oleh aparat desa', 'aplikasi percuma tidak bisa daftar juga bisa daftar aplikasi tapi ujung harus lewat desa juga buat konfirmasi layak tidak sedangkan desa dapat keluarga kerabat pejabat desa percuma adakan aplikasi ini tidak ada fungsi cuma berfungsi buat lihat dapat tidak', 'aplikasi kayak tidak guna aplikasi ini ada fitur pengajuan orang membutuhkan tapi tidak didaftar kan oleh pihak desa tapi setelah daftar tahun kemarin tidak ada verifikasi sedangkan orang dekat notaben saudara orang desa dapat bah kan keluarga kakak dapat semua tidak jelas sumpah tidak mengerti lagi memang harus dekat sama orang desa dulu baru bisa terdaftar']"
32,26,32_data_bohong_priba_hati,"['data', 'bohong', 'priba', 'hati', 'semua', 'isu', 'ini', 'gunakan', 'penipu', 'penipuan']","['daftar mengisi data diri tapi nama pengguna tidak belum diverifikasi aplikasi ribet padahal buat mengecek saja kok dibuat ribet akhir ku hapus lagi aplikasi padahal mengisi semua data benar semoga data tidak disalah gunakan oleh pihak tertentu mohon diperbaiki lagi aplikasi kasihan pengguna lain ikut tertipu juga semoga tipu bisa sadar kasihan orang kecil niat ingin dapat informasi bahkan dapat kekecewaan', 'bagaimana ini tidak bisa login mana data diri masuk juga mudah mudahan tidak disalah gunakan belum mengunduh harap hati hati menggunakan aplikasi ini takut data priba bahkan disalah gunakan', 'hati hati bila belum unduh aplikasi ini sebaik batalkan saja mengecewakan curiga bawa aplikasi ini berusaha mencuri mengambil data pengisi formulir dasar kenapa pengisi formulir harus mengijinkan aplikasi membuka semua data tersimpan telepon genggam terdaftar inti berhati hatilah penipuan di mana mana']"
33,26,33_nik_bansos_nomor_cek,"['nik', 'bansos', 'nomor', 'cek', 'nama', 'cuma', 'kita', 'terdaftar', 'mohon', 'kakak']","['aplikasi sangat bagus membantu tapi kalau bisa dimasukkan nomor nik soal kalau cuma nama banyak sama ketika kita mau protes atas nama ada bansos tapi kita tidak bisa melihat nomor nik apakah itu benar kita cuma nama sama terima kasih', 'nomor nik nomor kakak tersimpan terdaftar cek bansos pas login selalu password belum temukan belum aktivasi kurang paham kenapa mohon beri penjelasan biar bisa mendaftarkan diri sebagai penerima manfaat bansos', 'kasih dulu soal tidak bisa daftar akun cek bansos keterangan nik nama terdaftar padahal belum pernah daftar sama sekali mau atur ulang password juga tidak bisa keterangan email nomor telepon salah padahal cuma pakai email sama nomor telepon lama']"
34,24,34_pinjaman_online_penduduk_tanda,"['pinjaman', 'online', 'penduduk', 'tanda', 'kartu', 'was', 'foto', 'kalah', 'pakai', 'penipuan']","['ini aplikasi penipuan kali masak daftar pas login tidak bisa kan aneh padahal pengguna nama sama password benar mana daftar pakai kartu tanda penduduk sama foto pakai kartu tanda penduduk lagi jangan mau jadikan berkas pinjaman online lagi', 'habis unduh coba daftar tapi tidak terverifikasi ada malahan telepon sama pinjaman online banyak banget padahal tidak pernah coba daftar pinjaman online aneh banget', 'kasih bintang supaya baca kenapa pekerjaan Cuma dagang orang lain desil Cuma gara-gara kartu tanda penduduk pernah pakai pinjaman online maaf kita pinjaman online juga sebab sangat sangat butuh itulah jalan paling cepat pinjaman online tolonglah punya riwayat pinjaman online juga bisa punya hak juga menurunkan desil']"
35,21,35_data_gunakan_lambat_semula,"['data', 'gunakan', 'lambat', 'semula', 'aplikasi', 'hati', 'menyesal', 'sendiri', 'memperbarui', 'sini']","['ini aplikasi apa tidak bisa gunakan apa Cuma pencurian data data terlanjur masuk tapi tetap tidak bisa gunakan ini aplikasi menyesal banget semoga tidak gunakan hal merugikan kalau sampai gunakan tidak bertanggung jawab ini tangkapan layar bukti kalau data telah masuk aplikasi ini tolong dong usut ini aplikasi', 'aplikasi bagus aneh beli paham kerja ini aplikasi jarang lihat tidak ada oprator kalau kita mengajukan lama periksa terima mengajukan sesuai keadaan susah rakyat sini kan kerja sini pintar tapi kok lambat banget ketika kamu mengajukan proses cepat langsung turun kakak bawah data prubahan cepat ini data nyata sesuai ajukan', 'aplikasi buruk semula data tercantum dalam dtks lalu sedikit berubah jenis kelamin laki perempuan malahan sekarang data hapus dtks setiap buka aplikasi tidak ada data sama sekali sangat kecewa di mana keadilan negeri ini tolong perbaiki lagi sistem kembalikan data semula para petugas mohon data ulang private message tidak sesuai ekspektasi terima kasih']"
36,20,36_perbarui_loading_kadang_bahkan,"['perbarui', 'loading', 'kadang', 'bahkan', 'transparan', 'pendamping', 'setelah', 'bertanya', 'lambat', 'tampilan']","['tampilan baru oke banget lebih perbarui transparan tidak perlu bertanya lagi pendamping tapi percuma juga sih unduh setahun menunggu kks tidak turun sampai detik ini belum dapat juga itu kartu', 'jelek setelah perbarui bahkan tidak bisa masuk sebelum perbarui lancar saja', 'setelah perbarui bukan makin bagus bahkan makin error sebelum perbarui bagus setelah perbarui bahkan tidak bisa masuk coba berkali-kali kali gagal terus sampai install ulang tetap juga gagal masuk']"
37,20,37_rakyat_pemilihan_lelah_registrasi,"['rakyat', 'pemilihan', 'lelah', 'registrasi', 'umum', 'saja', 'daptar', 'hanya', 'tiruan', 'masyarakat']","['seperti aplikasi ini hanya memanipulasi rakyat indonesia mnggu mencoba mendaftar tapi selalu koneksi atur ulang ini bentuk pembohongan publik bahkan amplop diberikan seorang presiden saja kosong apalagi hanya sebuah kata aplikasi mungkin menganggap rakyat orang bodoh tidak perlu ditanggapi', 'berpikir mungkin pengembang aplikasi ini swasta tetapi melihat email admin ternyata kemensos apakah memang buat sulit seperti ini pengajuan online praktik offline tetap jalan sehingga banyak program tidak tepat sasaran pintar atas dorong online tapi jalankan online hasil sulit perlu laporkan pak jokowi dulu kemensos sarang tikus terbesar setelah dewan perwakilan rakyat', 'ini kenapa splikasi error terus januari masih bisa dibuka kenapa bulan ini tidak bisa error terus coba lagi nanti dicoba berulang tetap tidak bisa mengubah profil tidak bisa daftar ulang pun tidak bisa apalagi cek periksa kembali kenapa begini apa lagi sibuk mengurus pemilihan umum kali sampai aplikasi terabaikan']"
38,19,38_aktivasi_login_daftar_belum,"['aktivasi', 'login', 'daftar', 'belum', 'diaktivasi', 'berhasil', 'dua', 'tapi', 'apa', 'bisa']","['daftar berhasil tapi kenapa tidak bisa login padahal berhasil terdaftar pas mau login malah tidak bisa ini kenapa apa jaringan salah aplikasi bermasalah daftar kali tapi pas mau login tidak bisa tolong perbaiki lama unduh aplikasi ini geram semua gede rasa keteledoran ini mohon pertimbangkan terima kasih', 'daftar tapi tidak bisa login kata belum diaktivasi padahal email ada notifikasi masuk kata berhasil diaktivasi tapi tetap saja tidak bisa login dihapus unduh lagi tapi tetap tidak bisa login kata belum diaktivasi sebenarnya ini aplikasi niat bantu tidak sih', 'daftar tapi menunggu aktivasi lama benar coba lah tolong pemerintah kalau buat aplikasi itu aktivasi segera biar juga cepat membuka aplikasi hampir rata rata kalau aplikasi pemerintah aktivasi lama benar apa tidak ada siaga apa sana buat aktivasi ini tolong ini bagaimana sih aplikasi kok buat akun beberapa bulan lalu tapi tidak aktivasi in lambat amat kerja dapat balas suruh langsung email sama saja']"
39,18,39_aktivasi_email_akun_masuk,"['aktivasi', 'email', 'akun', 'masuk', 'gagap', 'gmail', 'jam', 'suruh', 'teknologi', 'login']","['mau masuk aplikasi tapi tidak bisa selalu suruh aktivasi email padahal udah beberapa kali tapi tetap jam tidak bisa masuk', 'kok begini kan suruh buat akun baru nah buat lah akun terus pas buat ada pemberitahuan aktivasi email kok pas login akun belum aktivasi sih mohon bantuan ya siapa tahu saja memang aplikasi ada bermasalah begitu', 'dapat email aktivasi login tapi tetap tidak bisa login email belum aktivasi nama pengguna tidak sah lalu kiriman email masuk aktivasi itu bagaimana proses mau cek lewat web pun error terus padahal benar memasukan kode semoga aplikasi bisa lebih baik lagi']"
40,18,40_pendaftaran_seakan_daftar_mendaftarkan,"['pendaftaran', 'seakan', 'daftar', 'mendaftarkan', 'susah', 'ternyata', 'mau', 'kecil', 'iming', 'ini']","['aplikasi hanya membantu mau cek data buat mau daftar sangat tidak berfungsi kenapa data tidak akan cek diharuskan keluarahan kenapa pendaftaran secara online diarahkan aplikasi ini jika akhir harus tetap kelurahan', 'pengajuan tapi status belum dicek lama daftar pakai aplikasi ini tapi ternyata tidak berfungsi disarankan sama pegawai kelurahan daftar sini saja tapi ternyata bodoh kenapa dapat atas rata rata', 'beri peringkat ini lima supaya respons sama admin kenapa mau daftar saja susah banget padahal banyak pakai aplikasi ini itu ibu ibu bahkan banyak banget lagi persyaratan memang harus susah susah dulu ya apa harus bagaimana mau membantu mau menyusahkan sih']"
41,17,41_error_daftar_terus_admin,"['error', 'daftar', 'terus', 'admin', 'aplikasi', 'masuk', 'sih', 'kadang', 'tolong', 'bisa']","['enggak usah unduh coba daftar tidak bisa bug error besok lagi coba sama saja tidak bisa bug error puluhan kali coba buat daftar di sini tapi nihil tidak ada berhasil aplikasi konyol ini kenapa sih aplikasi kenapa tidak bisa dipakai cuma buat pajangan saja begitu tipu', 'error terus tidak masuk masuk bagaimana sih aplikasi tidak bisa gunakan padahal daftar bahkan tidak masuk masuk error terus perbaiki lagi aplikasi', 'halo admin mau bertanya soal kendala aplikasi saat daftar awal daftar saat klik tombol penyelesaian daftar terus muncul error sistem johnson kalau tidak salah tulisan seperti itu kemudian malam coba lagi bahkan muncul lagi tulisan error aplikasi suruh hubung admin mencari kontak admin aplikasi tidak ada mohon bantuan informasi']"
42,17,42_data_kita_priba_ambil,"['data', 'kita', 'priba', 'ambil', 'login', 'salah', 'menyalahkan', 'gunakan', 'mau', 'kalau']","['tidak guna jangan unduh percuma hanya mengumpulkan data priba kita setelah data lengkap daftar setelah itu tidak bisa login alasan belum terdaftar padahal kita daftar pakai data priba berhasil menyesal unduh kasih data priba', 'apakah ini hanya trik supaya data bisa ambil kenapa kok setelah aplikasi unduh daftarkan data data bahkan saat mau buka kata id belum aktifkan sampai sekarang setiap kalau mau masuk hanya motif seperti itu sama sekali tidak bisa buka aplikasi ini semoga tidak tertipu semoga data data tidak salah gunakan bujur agak menyesal juga unduh daftar data priba ternyata bodoh', 'aplikasi tidak jelas nama pengguna benar password juga benar pas mau login bahkan tidak bisa kata nama pengguna password tidak temukan lah terus data kita isi sesuai kakak apa tidak sih salah gunakan oleh jangan hanya butuh data kita buat kepentingan priba']"
43,17,43_susah_sekali_fix_selalu,"['susah', 'sekali', 'fix', 'selalu', 'sial', 'aplikasi', 'apa', 'masuk', 'gagal', 'buat']","['aplikasi gagal sih ini masa berkali-kali kali unduh setiap buka aplikasi muncul cuma layar hitam aku tunggu selama sejam tidak ada uang berubah muncul apapun mau login susah sekarang bahkan tidak ada uang gambar apa apa', 'kenapa susah sekali mau masuk aplikasi padahal jaringan internet bagus sampai uninstall terus unduh lagi tapi bahkan lebih parah tidak bisa masuk coba di lain hari tapi tetap sama susah sekali mau masuk padahal aplikasi ini sangat membantu masyarakat kalau saja proses cepat mohon ditingkatkan', 'aplikasi terburuk sedunia login tidak bisa alasan koneksi error pas log in tiba tiba log out desil tidak muncul buat apa anggaran buat aplikasi besar tapi aplikasi kayak dibuat orang baru belajar coding teks tanya jawab banyak salah ketik masa sekelas pemerintah tidak mengecek dulu sih masalah utamanya tidak bisa login woi bagaimana ini fix lah bug semingguan tidak bisa login ini kemana anggaran kalian itu cuma menge fix saja masa tidak bisa']"
44,16,44_menyesal_guna_mengulang_jelas,"['menyesal', 'guna', 'mengulang', 'jelas', 'ulasan', 'aplikasi', 'lebih', 'harus', 'berguna', 'digunakan']","['aplikasi benar benar tidak berguna lebih baik hapuskan saja aplikasi kalau tidak ada guna serba tidak bisa selalu salah benar benar jelas tapi keterangan salah terus bagaimana bukan bahkan membantu bahkan sebalik', 'aplikasi tidak guna tidak ada respons cuma buat gaya gayaan az biar kelihatan kerja buat lain jangan download aplikasi ini tidak guna percuma kalau tidak percaya kalian bakal menyesal', 'menyesal banget unduh aplikasi ini gagal terus padahal semua data benar terus saja harus mengulang awal menyesal tidak awal lihat ulasan sedang di jalan hapus lagi saja aplikasi']"
45,15,45_kelurahan_kecamatan_kabupaten_sesuai,"['kelurahan', 'kecamatan', 'kabupaten', 'sesuai', 'kependudukan', 'memilih', 'justru', 'pilihan', 'data', 'maaf']","['baru saja daftar sesuai data tapi masalah kelurahan kecamatan padahal benar sesuai data kependudukan sampai kali ulang masih saja tidak bisa log in awas saja kalau data salahgunakan', 'aplikasi aneh mau perbarui data pilihan provinsi kota kabupaten kecamatan kelurahan tidak bisa dipilih tidak bisa dipencet emosisumpah mencoba hp lain tetap tidak bisa mah masuk susah sana salah saja padahal benar ngaco benerin dong buat apa ada aplikasi tapi tidak berfungsi', 'aplikasi bagus hanya saja saat daftar harus menunggu aktivasi sangat lama saat cek mohon nik kakak perlihatkan banyak nama sama kelurahan mohon cek ulang lapangan banyak berhak justru tidak mendapatkan bantuan contoh daerah kabupaten lampung utara kecamatan kotabumi selatan kelurahan tanjung aman banyak tidak sesuai fakta justru saat pembaruan data orang miskin justru tidak mendapatkan bantuan sama sekali terima kasih']"
46,15,46_playstore_hapus_bikin_hilangkan,"['playstore', 'hapus', 'bikin', 'hilangkan', 'tidak', 'baik', 'saja', 'kalau', 'niat', 'sekira']","['ini niat tidak sih bikin aplikasi kalau tidak niat lebih baik hapus saja playstore tidak perlu ada aplikasi daripada bikin pusing orang lain berhasil daftar tapi pas login bahkan tidak bisa kan konyol', 'aplikasi sangat tidak berguna banget saat buat akun anak login tidak bisa bisa selalu salah terus ada error terus aplikasi tidak berguna tolong perbaiki lagi kalau tidak hapus saja aplikasi playstore', 'aplikasi tidak ada manfaat lebih baik hapus saja playstore mau daftar akun buat masuk aplikasi saja tidak bisa terus apa guna aplikasi tidak bermanfaat kayak begini hapus saja sistem memang sengaja tidak bisa buat daftar payah']"
47,15,47_sesuai_alamat_tanda_penduduk,"['sesuai', 'alamat', 'tanda', 'penduduk', 'kartu', 'pendaftaran', 'registrasi', 'elektonik', 'pakai', 'salah']","['saat daftar diminta masukkan alamat lengkap sesuai kartu tanda penduduk dimasuki alamat sesuai kartu tanda penduduk tetap saja salah udah diubah beberapa kali masih saja salah tidak bisa diulang masih juga salah padahal sesuai alamat kartu tanda penduduk kenapa ada apa', 'di saat pendaftaran borang diisi sesuai kartu tanda penduduk tetapi setelah klik buat akun baru bahkan keluar notifikasi alamat tidak sesuai padahal isi sesuai semua data ada kartu tanda penduduk', 'aneh disuruh isi registrasi sesuai kartu tanda penduduk semua sesuai alamat pun sama sesuai kartu tanda penduduk tapi pas mau daftar eh bahkan gagal registrasi alamat tidak sesuai kan aneh coba pakai suami tetap begitu auto uninstall']"
48,14,48_bug_sekelas_game_banyak,"['bug', 'sekelas', 'game', 'banyak', 'benarkan', 'pemerintah', 'begini', 'negara', 'teri', 'bikin']","['ganti saja nama aplikasi error sekelas aplikasi negara kok kayak begini pengembang sekelas teri diberi kepercayaan buat aplikasi kayak begini buang anggaran negara saja pantas data negara mudah dibobol ternyata pengembang kelas teri semua', 'selalu bikin aplikasi tapi mudah bug pakai perangkat lunak apa sih ini kementerian kalah nomor sama game sama telkomsel dan lain-lain uang banyak bikin aplikasi menge bug melulu', 'aplikasi pemerintah begini amat jelek sistem tidak benarkan melulu masa mau ajukan error melulu kalau buat aplikasi pemerintah bagus sedikit seperti niat bagus aplikasi game udah kalau begini kalau game bug sedikit benarkan minggu juga ini masih berbulan bulan masih saja tidak benarkan aduh']"
49,13,49_atur_ulang_email_password,"['atur', 'ulang', 'email', 'password', 'sana', 'lupa', 'ketika', 'kata', 'sms', 'apa']","['aplikasi tidak beres meminta atur ulang kata sana kata cek email secara berkala namun tidak ada email masuk atur ulang password', 'apa sih aplikasi tidak bisa digunakan mau masuk saja kata sana salah atur ulang masih saja susah lebih baik perbarui lagi lah aplikasi biar masyarakat mudah atur ulang kata sana tapi tidak muncul juga email', 'lama tidak lihat tiba keluar mau masuk atur ulang kata sana selalu belum verifikasi padahal akun ada dapat email atur ulang password juga bagaimana sih ini aplikasi']"
50,13,50_kpm_perbarui_status_tiba,"['kpm', 'perbarui', 'status', 'tiba', 'singkong', 'barat', 'sebagai', 'pos', 'tercantum', 'surat']","['sangat bagus tampilan hanya sayang data actual aplikasi tidak sesuai implementasi lapangan alias kenyataan contoh status bantuan masuk kenyataan saat kpm cek tidak ada masih kosong perlu koordinasi benar antara pemerintah pihak bank ingat kita negara kepulauan kasihan kpm rumah pelosok sampai pegunungan mohon perbaiki lagi', 'tidak ada status tidak termasuk surat perintah membayar surat peringatan 2d dan lain-lain kpm pelukan status perlu tidak terlalu bertanya operator singkong desa pendamping terima kasih sukses selalu ada rezeki semua amin ya rabbal alamin doa terbaik bapak ibu terhormat saldo kpm perkiraan jangan cantumkan aplikasi singkong cukup pemerintah az menghindari kkn undangan pengambilan melalui kantor pos cukup barcode ya petugas pos tahu bpnt april mei juni tahun belum', 'sebelum perbarui tahun aplikasi masih bisa digunakan tapi setelah perbarui sampai sekarang tidak bisa cek kpm wilayah papua tengah mohon saran bagaimana cara cek daftar penerima manfaat kpm setiap kpm terdaftar sebagai penerima bansos data tidak muncul pencarian sedangkan status sebagai penerima manfaat']"
51,12,51_log_manfaat_in_it,"['log', 'manfaat', 'in', 'it', 'tim', 'suami', 'tekan', 'mudah', 'ngliyat', 'pemantauan']","['tolong diperbaiki aplikasi kok mempersulit pertama daftar a bisa login eh giliran dibaca bukan penerima manfaat pindah lah pakai hp suami a suami dapat bantuan eh lama nunggu verifikasi email sampai lupa password giliran diklik lupa password error terus tolong admin jelaskan', 'tolong tim it jangan makan gaji buta masa login saja tidak ada koneksi terus kalau belum siap era digital tidak perlu pakai aplikasi mana peringkat semua aplikasi facebook saja log in ber juta orang tidak ada masalah', 'mau log in cuma memuter terus awal buat sampai sekarang tidak bisa log in cuma memuter saja aplikasi kalau belum bagus tidak perlu langsung dilempar publik benahi dulu apa guna bikin aplikasi kalau tidak ada manfaat buang anggaran']"
52,12,52_admin_menghubungi_usulan_menu,"['admin', 'menghubungi', 'usulan', 'menu', 'hubungi', 'error', 'hubung', 'maintenance', 'bertanya', 'pengajuan']","['tolong admin perbaiki banyak mengeluh mau menu usulan tapi kenapa jaringan error terus ya padahal jaringan tidak masalah tapi pas menu usulan kok tidak bisa ya tolong jelaskan admin kalau memang lagi maintenance tidak apa-apa tapi minimal kasih tahu dulu lah terima kasih', 'setiap mau menambahkan usulan tidak bisa error melulu disuruh menghubungi admin tapi di sana tidak ada menu hubung admin apalah kira tidak bisa maintenance tidak mampu mengurus aplikasi lebih baik tidak uh ada', 'error terus ketika pengajuan usulan sinyal stabil tapi tetap error tidak jelas tolong perbaiki aplikasi ada keterangan error hubungi admin tapi dalam aplikasi tidak ada pengaturan menghubungi admin tolong teliti lagi dalam membuat sebuah aplikasi terima kasih']"
53,11,53_logo_stuck_berhenti_kebuka,"['logo', 'stuck', 'berhenti', 'kebuka', 'kenapa', 'samsung', 'masuk', 'saja', 'mentok', 'bisa']","['kenapa tidak bisa masuk berhenti logo', 'stuck logo tidak bisa masuk aplikasi padahal jaringan bagus pakai wi-fi juga bagus tetap saja stuck logo kacau', 'kenapa tidak bisa masuk stuck logo']"
54,11,54_penduduk_tanda_kartu_foto,"['penduduk', 'tanda', 'kartu', 'foto', 'bisa', 'jika', 'login', 'tetap', 'salah', 'keluar']","['daftar tapi saat login tidak bisa masuk id password foto cek lupa password pun tidak bisa juga bisa saja fungsi daftar ini bisa disalah gunakan pakai nik swap foto foto kartu tanda penduduk', 'bagaimana sih registrasi tapi tidak bisa masukan pengguna kata sana coba berkali-kali sampai menunggu menit tidak bisa tetap tidak bisa login foto sama kartu tanda penduduk foto kartu tanda penduduk alamat lengkap ampun lihat komentar takut buat penipuan', 'coba unduh padahal isi data meminta pakai foto kartu tanda penduduk juga foto swafoto kartu tanda penduduk pula giliran coba login belum aktivasi kiraan bisa langsung login begitu meminta tolong data unggah jaga benar jangan sampai salah gunakan salam']"
55,11,55_korupsi_kebanyakan_dikorupsi_waras,"['korupsi', 'kebanyakan', 'dikorupsi', 'waras', 'pemerintahan', 'bikin', 'iming', 'dana', 'aplikasi', 'mancung']","['aplikasi pemerintahan memang tidak pernah waras padahal dana harus ada buat bikin aplikasi layak kebanyakan korupsi sih aplikasi web pemerintahan tidak pernah waras akses', 'tidak niat bikin aplikasi kalau ada bintang mau kasih bintang susah payah registrasi keterangan terdaftar silakan login pas login malahan keterangan nama pengguna password tidak ditemukan coba cek lupa password hasil sama saja belum terdaftar apa mau pemerintah bikin aplikasi ini giliran korupsi dana paling cepat pas mengurus fasilitas rakyat pasti ada saja masalah rrgh ingat matiiiiii ooooiiiii', 'bikin aplikasi begini kemensos butuh anggaran berapa kalau cuma ribu wajar saja sih aplikasi sering error tapi kalau berjuta juta bahkan bermilyar milyar patut curiga ini komisi pemberantasan korupsi oh masih koalisi bakal aman udah']"
56,11,56_sosial_kementerian_kok_usulan,"['sosial', 'kementerian', 'kok', 'usulan', 'pergi', 'suruh', 'jaminan', 'penyelenggara', 'badan', 'error']","['tolong dong admin error terus kalau mau mengajukan usulan seharusnya kalau aplikasi ini kementerian sosial langsung seharusnya bisa membantu mempermudah masyarakat mengajukan usulan dicoba berulang tetap error padahal sinyal stabil', 'pergi puskesmas suruh aktifkan badan penyelenggara jaminan sosial pergi kantor badan penyelenggara jaminan sosial suruh dinsos sampai dinsos suruh daftar lewat aplikasi ini pas daftar bahkan aplikasi error mau apa sih mempersulit rakyat nama ini', 'sekelas kementerian sosial bikin aplikasi kok begini amat jaringan bagus bilang error rata komentar banyak gagal login padahal dapat email aktivasi bagaimana mau usul sanggah mau login saja tidak bisa']"
57,10,57_jelek_kadaluarsa_sana_ruwet,"['jelek', 'kadaluarsa', 'sana', 'ruwet', 'selalu', 'amat', 'lupa', 'bantulah', 'diakui', 'meye']","['aplikasi bagaimana sih setiap mau login lupa kata sana selalu link kadaluarsa padahal belum lama klik bahkan kadaluarsa bagaimana ini admin bantulah oi berbulan bulan mencoba login lupa kata sana bahkan link kadaluarsa melulu aplikasi jelek', 'aplikasi jelek meye isi data benar selalu ulang terus aplikasi sangat jelek tidak jelas lambat loading terus walau pun data benar tapi tetap saja salah jawaban format selalu salah padahal data sesuai', 'sangat amat jelek sekali buat akun baru tapi tidak bisa masuk baguskan dong percuma perbarui baru hapus saja bagian aktivasi itu mengganggu tolong ya jangan ada mendownload aplikasi ini jelek sangat amat jelek']"
58,10,58_habiskan_keluar_kuota_buang,"['habiskan', 'keluar', 'kuota', 'buang', 'daftar', 'boro', 'hasil', 'lain', 'parce', 'bajak']","['aplikasi apa ini berkali-kali kali daftar tidak bisa kata belum aktivasi bagus hapus saja ini aplikasi tidak guna buat kalian jangan udah unduh habiskan kuota saja', 'habiskan kuota hanya menguntungkan pembuat aplikasi baru daftar akun susah luar biasa gatau lain bisa pengajuan tidak jelas hanya buang waktu tidak bermanfaat', 'aplikasi aneh buang buang waktu saja tidak bisa dibuka loading terus boro boro daftar jangan unduh aplikasi ini cuma habiskan kuota saja']"
59,10,59_toko_main_hapus_afk,"['toko', 'main', 'hapus', 'afk', 'saja', 'baik', 'biar', 'lebih', 'bikin', 'kalau']","['masih banyak kekurangan aplikasi ini bikin ribet cepat bikin emosi coba tingkatkan lagi kalau memang tidak bisa ya sudah hapus saja main toko memang tidak bisa digunakan hapus saja playstore toh tidak bisa digunakan juga apa error apa error error terus lah pokok', 'pendaftaran mudah tapi terlalu lama menunggu verifikasi data sekarang serba online tapi masih saja lama verifikasi data kalau tidak bisa cepat lebih baik hapus saja aplikasi ini main toko', 'aplikasi tidak jelas banget mau daftar saja tidak bisa suruh hubungi admin lebih baik tidak perlu unduh buang kuota saja coba berkali-kali tetap tidak bisa daftar error terus lebih baik hapus saja ini aplikasi main toko']"
60,10,60_bakar_minyak_bahan_tunai,"['bakar', 'minyak', 'bahan', 'tunai', 'bantuan', 'langsung', 'iya', 'bersepeda', 'dapat', 'risma']","['hampir bulan masih juga dalam perbaikan aplikasi ini gimanah mau usulan sangga kalau aplikasi saja sampai sekarang belum bisa gunakan tolong dong percepat perbaikan sistem aplikasi bisa dapat bantuan bahan bakar minyak pemerintah masa dapat kpm lama cuma dapat bantuan pbi tidak dapat bantuan bahan bakar minyak kata setiap bulan selalu update kok tidak sesuai apa janjikan', 'aplikasi apa ini daftar tidak verifikasi sampai lupa akun apa aku gunakan bagaimana sih kemensos ini itu mau daftar bantuan bahan bakar minyak bersepeda tiap hari tiap hari butuh bahan bakar minyak tapi kenapa tidak dapat bantuan bahan bakar minyak sedang tidak bisa bersepeda hanya duduk rumah bahkan dapat bantuan bahan bakar minyak apa ini adilkah ini nama memberi bantuan itu tolong adil', 'selaku pekerja pelaku perjalanan jauh tiap hari cek kemensos tidak dapat bantuan bahan bakar minyak mau daftar pengajuan lewat aplikasi ini loading lama tidak berujung usai terus aku cek nama nama tetangga menerima bantuan langsung tunai bahan bakar minyak orang masih sama penerima bantuan program keluarga harapan diklik terus mau mengajukan kemana lagi kalau aplikasi susah masuk daftar bantuan langsung tunai bahan bakar minyak sedangkan gaji cuma juta per bulan penerima bantuan langsung tunai bahan bakar minyak tidak akurat sama sekali tidak tepat sasaran']"
